No,Tanggal Iklan,URL,Harga_Juta,Kota,Luas Tanah,Luas Bangunan,Kamar Tidur,Kamar Mandi,Kamar Tidur Pembantu,Kamar Mandi Pembantu,Carport,Garasi,Listrik,Surat,Judul,Deskripsi
1,04-09-2021,https://www.rumah123.com/properti/semarang/hos8146376/,2800,Semarang,200,150,4,3,1,1,0,0,3500,SHM,RUMAH MODERN MINIMALIS DI KOTA MANDIRI BSB SEMARANG,"- LOKASI DI DALAM CLUSTER ELITE, CITRALAND BSB, KARYA DEVELOPER CIPUTRA GRUP
 - LINGKUNGAN ASRI, SEJUK, TENANG, BEBAS BANJIR
 - FASILITAS UMUM LENGKAP, JOGGING TRACK, DANAU BUATAN ,DERETAN CAFE, RESTO, SUPERMARKET, PERTOKOAN DLL.
 - KEAMANAN 24JAM, SISTEM ONE GATE DG KARTU
 - KONDISI BANGUNAN NYARIS BARU. SANGAT BAGUS.
 - INVESTASI CERDAS KARENA HARGA AKAN NAIK TERUS. KARENA LOKASI INI MENJADI AKAN MENJADI KOTA SATELIT, LOKASI PRIMADONA DAN MENJADI ARAH PENGEMBANGAN KOTA SEMARANG."
2,04-09-2021,https://www.rumah123.com/properti/semarang/hos8145012/,550,Semarang,63,63,2,1,0,0,0,0,1300,SHM,RUMAH SIAP HUNI DITENGAH KOTA... JL. MANGGIS LAMPER,RUMAH TENGAH KOTA JL MANGGIS LAMPER TENGAH. LUAS TANAH 63. SIAP HUNI . 2KT 1KM. LISTRIK 1300..SHM..HARGA 550JT NEGOMINAT WA SAYA 081225112305
3,04-09-2021,https://www.rumah123.com/properti/semarang/hos8144602/,290,Semarang,82,30,2,1,0,0,0,0,1300,SHM,RUMAH BANYUMANIK STRATEGIS TERMURAH HARGA PROMO,"RUMAH GEDAWANG BANYUMANIK MURAH BANGET HARGA PROMO DIBAWAH PASAR. BUKTIKAN ! POSISI HOOK LUAS TANAH 82M2 LUAS BANGUNAN 30 2 KAMAR TIDUR 1 KAMAR MANDI AIR ARTETIS LISTRIK 1300 WATT BONUS : AC 1/2 PK 1 UNIT TAMAN CANTIK TEMBOK PAGAR TANDON AIR HARGA DIBAWAH PASARAN, 290 JUTA CASH !! MILIKI SEGERA HANYA ADA 1 UNIT AJA. SIAPA CEPAT DAPAT ! INFO HUBUNGI : DWI VINO 085641116688 ( WA )"
4,04-09-2021,https://www.rumah123.com/properti/semarang/hos8145126/,6900,Semarang,610,1250,4,5,0,0,0,1,8000,SHM,RUMAH BAGUS DI BUKIT COKLAT (DNY),"RUMAH BAGUS DI BUKIT COKLAT (DNY) 2 LANTAI + 1 SEMI BASEMENT BANGUNAN TERAWAT HOOK, ADA LANTAI DAK DI ROOF TOP VIEW KOTA LINGKUNGAN ASRI"
5,04-09-2021,https://www.rumah123.com/properti/semarang/hos8145227/,500,Semarang,108,120,6,3,0,0,0,0,1300,SHM,RUMAH DENGAN KAMAR BANYAK DI KETILENG,BANYAK DI KETILENG LUAS 108M BANGUNAN1.5 LANTAI 6KT 3KM AKSES MOBIL SIMPANGAN 500JT NEGO MINAT WA SAYA 081225112305
6,04-09-2021,https://www.rumah123.com/properti/semarang/hos8145057/,990,Semarang,150,250,5,3,0,0,1,1,2200,SHM,RUMAH MEWAH DI DAERAH FATMAWATI,RUMAH MEWAH DI DAERAH FATMAWATI 2200W GARASI DAN CARPORT TAMAN
7,04-09-2021,https://www.rumah123.com/properti/semarang/hos8144990/,875,Semarang,112,160,4,3,0,0,1,0,2200,SHM,RUMAH MEWAH DI TLOGOMULYO RESIDENCE (VR),RUMAH MEWAH DI TLOGOMULYO RESIDENCE (VR) 2 LANTAI ADA CARPORT
8,04-09-2021,https://www.rumah123.com/properti/semarang/hos8144594/,1750,Semarang,240,250,4,2,0,0,0,0,2200,SHM,RUMAH KOKOH GANDENG SELOMAS BARAT TANAH MAS SEMARANG UTARA,RUMAH DIJUAL SEMARANG RUMAH KOKOH GANDENG SELOMAS BARAT TANAH MAS SEMARANG UTARA BANGUNAN KOKOH KARENA BANGUN SENDIRI 2 RUMAH JADI 1 WATER HEATER KITCHEN SET ADA DAPUR BERSIH DAN DAPUR KOTOR
9,04-09-2021,https://www.rumah123.com/properti/semarang/hos8144593/,450,Semarang,96,96,2,1,0,0,0,0,900,SHM,RUMAH ASRI TANGGUL MAS BARAT TANAH MAS SEMARANG UTARA,RUMAH DIJUAL SEMARANG RUMAH ASRI TANGGUL MAS BARAT TANAH MAS SEMARANG UTARARUMAH DIJUAL SEMARANG RUMAH ASRI TANGGUL MAS BARAT TANAH MAS SEMARANG UTARA ± 4 KM (8 MENIT) KE PARAGON ± 5 KM (18 MENIT) KE PELABUHAN
10,04-09-2021,https://www.rumah123.com/properti/semarang/hos8144582/,699,Semarang,108,67,3,2,0,0,0,0,2200,SHM,RUMAH SENDANGMULYO 2 LANTAI MEVVAH HARGA PROMO,"SPESIAL PROMO GRANADA HOME III JALAN SENDANGMULYO RAYA TEMBALANG KOTA SEMARANG SPESIAL SMART DOOR LOCK & CCTV SETIAP UNITNYA, DENGAN DESAIN ELEGAN NAN MEWAH DI KELASNYA SPESIFIKASI : LUAS TANAH MULAI 108M LUAS BANGUNAN 67M ( 2 LANTAI ) 3 KAMAR TIDUR 2 KAMAR MANDI SHM LISTRIK 2200 BANGUNAN BER-IMB AIR PAM HARGA PROMO RP 699.000.000 DP RINGAN & ANGSURAN FLAT SAMPAI LUNAS AKSES MUDAH 10 DETIK JALAN KAKI DARI JALAN SENDANGMULYO RAYA INFO LENGKAP HUBUNGI : DWI VINO 085641116688"
11,04-09-2021,https://www.rumah123.com/properti/semarang/hos8144586/,600,Semarang,96,96,3,2,0,0,0,0,1300,SHM,RUMAH BANGUNAN BARU TANGGUL MAS BARAT TANAH MAS SEMARANG UTARA,"RUMAH DIJUAL SEMARANG RUMAH BANGUNAN BARU TANGGUL MAS BARAT TANAH MAS SEMARANG UTARA ± 4 KM (8 MENIT) KE PARAGON ± 4,9 KM (16 MENIT) KE PELABUHAN"
12,04-09-2021,https://www.rumah123.com/properti/semarang/hos8144583/,750,Semarang,120,100,3,2,0,0,0,0,2200,SHM,RUMAH TANGGUL MAS BARAT TANAH MAS SEMARANG UTARA,"RUMAH DIJUAL SEMARANG RUMAH TANGGUL MAS BARAT TANAH MAS SEMARANG UTARA ± 3,8 KM (8 MENIT) KE PARAGON ± 5,4 KM (12 MENIT) KE BANDARA"
13,04-09-2021,https://www.rumah123.com/properti/semarang/hos8141933/,290,Semarang,84,30,2,1,0,0,0,0,1300,SHM,RUMAH BANYUMANIK MURAH,GEDAWANG KAVLING PERMAI II BANYUMANIK POSISI HOOK DEKAT TRANSMART DEKAT SWALAYAN ADA DEKAT RS HERMINA 1 UNIT TERAHIR MINAT SEGERA..HUBUNGI YUSI 0822.2168.2010
14,04-08-2021,https://www.rumah123.com/properti/semarang/hos8144069/,625,Semarang,86,100,3,1,0,0,1,0,1300,SHM,RUMAH SIAP HUNI DI KRUING PERUMNAS BANYUMANIK,DIJUAL CEPAT RUMAH SIAP HUNI 1.5 LANTAI DI KERUING BANYUMANIK HANYA 300 METERAN DARI JALAN RAYA BANYUMANIK SPESIFIKASI RUMAH : LT 86 M2 LB 100 M2 BANGUNAN 1.5 LANTAI KT 3 KM 1 LISTRIK 1300 VA AIR PAM 24 JAM KAMAR DINDING FULL KERAMIK BONUS AC CARPORT MUAT 2 MOBIL JALAN LEBAR BISA SIMPANGAN MOBIL TEMPAT JEMURAN DI ATAS DEKAT PASAR JATI DEKAT PUSAT KULINER BANYUMANIK DEKAT SD SMP SMA FAVORIT DI BANYUMANIK HARGA 625 JUTA NEGO HALUS RY
15,04-08-2021,https://www.rumah123.com/properti/semarang/hos8144051/,975,Semarang,150,250,5,3,0,0,1,1,2200,SHM,RUMAH SIAP HUNI 2 LANTAI DI SAPTA PRASETYA PEDURUNGAN,DIJUAL CEPAT MURAH RUMAH MEWAH JL SAPTA PRASETYA SEMARANG. SHM LT SEKITAR 150 LB SEKITAR 250 LISTRIK 2200 WATT 5 KAMAR TIDUR 3 KAMAR MANDI 1 DAPUR 1 RUANG TAMU 1 RUANG KELUARGA 1 RUANG BESAR LT 2 1 TERAS BESAR TAMAN POHON MEWAH TEMPAT CUCI MEWAH GARASI CARPORT 3 MOBIL NETT 975 JT NEGO HYNRUMAH MEWAH JL SAPTA PRASETYA SEMARANG.
16,04-08-2021,https://www.rumah123.com/properti/semarang/hos8144045/,875,Semarang,112,160,4,2,0,1,1,0,2200,SHM,RUMAH SIAP HUNI 2 LANTAI DI TLOGOMULYO RESIDENCE,DIJUAL RUMAH BARU MINIMALIS MEWAH JL TLOGOMULYO RESIDENCE LT 112 LB SEKITAR 160M2 SHM LISTRIK 2200 WATT 4 KAMAR TIDUR 2 KAMAR MANDI DALAM 1 KAMAR MANDI LUAR 1 RUANG TAMU 1 RUANG KELUARGA TEMPAT MENCUCI TEMPAT MENJEMUR TERAS TAMAN CARPORT LUAS SHM HARGA 875 JUTA NEGO HYN
17,04-08-2021,https://www.rumah123.com/properti/semarang/hos8144037/,1650,Semarang,300,400,8,4,0,0,1,1,2200,SHM,RUMAH MEWAH 2 LANTAI DI PEDURUNGAN TENGAH,DIJUAL CEPAT. RUMAH MEWAH PEDURUNGAN TENGAH SEMARANG LT SEKITAR 300M2 LB SEKITAR 400M2 LISTRIK 2200 WATT AIR ARTETIS SHM 8 KAMAR BESAR 4 KAMAR MANDI 1 RUANG TAMU BESAR GARASI DAN CARPORT BS 4 SD 5 MOBIL TERAS LANTAI 2 TAMAN INDAH BANGUNAN MODERN DAN LANTAI 2 CLASSIC. HARGA 1.650 M HYN SPEC LANTAI DAN KAMAR MANDI DLL GRANIT MEWAH DAN IWF
18,04-08-2021,https://www.rumah123.com/properti/semarang/hos8143312/,950,Semarang,150,250,5,3,0,0,1,0,2200,SHM,RUMAH FULL FURNISHED,DIJUAL CEPAT MURAH RUMAH MEWAH JL SAPTA PRASETYA SEMENIT AJA KE FATMAWATI RAYA LUAS TANAH SEKITAR 150M LUAS BANGUNAN SEKITAR 250M LISTRIK 2200 WATT 5 KAMAR TIDUR 3 KAMAR MANDI 1 DAPUR 1 RUANG TAMU 1 RUANG KELUARGA 1 RUANG BESAR LT 2 1 TERAS BESAR TAMAN POHON MEWAH TEMPAT CUCI MEWAH GARASI CARPORT 3 MOBIL SET KORDEN SET BED COVER SET TEMPAT TIDUR SET SOFA TAMU DISPENSER KURSI TERAS LEMARI ES 4 AC BARU HADAP SELATAN SERTIFIKAT HM HARGA 950 JUTA NON FURNISHED 910 JUTA INFO : 081326367934 ANDI ATAU KLIK LINK DI BAWAH INI UNTUK LANGSUNG MENUJU KE WHATSAPP HTTP://BIT.LY/ANDIPROPERTY UNTUK PROPERTY LAINNYA BISA CEK INSTAGRAM KITA @ANDIPROPERTISEMARANG @ANDIPROPERTISEMARANG @ANDIPROPERTISEMARANG
19,04-05-2021,"Rumah dijual 1 lantai, 2 kamar hos8123509 | rumah123.com",623,Semarang,97,60,2,1,0,0,1,0,1300,SHM,HUNIAN ISTIMEWA BANGUNAN BARU MODERN CLUSTER ONE GEAT,"RUMAH BANYUMANIK KUALITAS TERBAIK, READY STOK TERBANYAK !
  
  PERMATA GREEN GARDEN
  JL PERMATA GRAFIKA, BANYUMANIK, SEMARANG, JAWA TENGAH.
  
  SPESIFIKASI DARI RUMAH :
  
  LUAS TANAH 97M2
  LUAS BANGUNAN 60M2
  KAMAR TIDUR 2
  KAMAR MANDI 1
  CARPORT
  
  KENAPA HARUS BELI DI PERMATA GREEN GARDEN ?
  KARENA BELI DISINI ANDA GAK AKAN MENYESAL...
  - TERSEDIA RUMAH READY STOK TERBANYAK
  - SPEK BANGUNAN PALING MANTUL ! KUALITAS DIATAS RATA2, PONDASI CAKAR AYAM, SIAP NAIK 2 LANTAI
  - SEMUA PINTU MATERIAL KAYU JATI BERKUALITAS BAGUS
  - ANAK KUNCI MERK ""SOLID"" BERGARANSI 50 TAHUN, RUSAK GANTI BARU ( ADA KARTU GARANSI )
  - SERTIFIKAT READY SUDAH SPLIT PERBIDANG, IMB SUDAH TERBIT, DIJAMIN AMAN SULEMAN
  - AIR ARTETIS 24 JAM IURAN PALING MURAH, HANYA 50 RIBU / - BULAN PEMAKAIAN SEPUASNYA !
  - KEAMANAN 24 JAM
  - BANGUNAN BERGARANSI 100 HARI
  
  BONUS LANGSUNG :
  
  + AC
  + KANOPI
  + TERALIS JENDELA
  + TANDON AIR 800 LITER"
20,04-05-2021,https://www.rumah123.com/properti/semarang/hos8123190/,850,Semarang,133,120,3,1,0,0,1,0,2200,SHM,RUMAH GRAHA WAHID SAMBIROTO KEDUNGMUNDU TEMBALANG DKT UNIMUS | 3,"DIJUAL RUMAH MEWAH BANGUNAN BAGUS DI GRAHA WAHID SAMBIROTO TEMBALANG
  
  GRAHA WAHID
  RUMAH 2 LANTAI
  LUAS TANAH 133
  LUAS BANGUNAN 120
  FASILITAS:
  - 3 KAMAR TIDUR
  - 1 KAMAR MANDI
  - TAMAN
  -CARPORT
  - RUANG TAMU
  - RUANG KELUARGA
  - DAPUR
  - AIR PAM
  - LISTRIK 2200
  - LINGKUNGAN EKSKLUSIF (ONE GATE SYSTEM)
  - JALAN LEBAR
  
  LOKASI SANGAT STRATEGIS :
  - BERADA DI LINGKUNGAN KAMPUS UNIMUS KEDUNGMUNDU TEMBALANG
  - PERUMAHAN GRAHA WAHID SAMBIROTO TEMBALANG, SEMARANG
  - DEKAT RSUD WONGSONEGORO KETILENG
  - DEKAT ADA SWALAYAN FATMAWATI, PIZZA HUT MAJAPAHIT, GAIA KEDUNMUDU
  - SEMUA FASILITAS PNUNJANG SANGAT LENGKAP
  - DEKAT BANK, RESTORAN, POM BENSIN
  HARGA: 850 CASH
  INFO DAN SURVEY HUB"
21,04-05-2021,Rumah dijual 4 kamar hos8123964 | rumah123.com,3800,Semarang,550,310,4,3,1,1,0,0,3300,SHM,RUMAH BESAR DI SEMARANG KOTA UNTUK YG MINAT HUB. WA 089694072777 083838887538,"RUMAH BAGUS, LUAS, SIAP PAKAI, HALAMAN BELAKANG LUAS, LINGKUNGAN NYAMAN, TIDAK BANJIR, 10 MENIT KE SIMPANG LIMA."
22,04-05-2021,Rumah dijual 4 kamar hos8124148 | rumah123.com,2847,Semarang,240,190,4,3,1,1,0,0,2200,HGB,RUMAH BARU 2LT VIVIANE KOTA SATELITE BSB CITRALAND SEMARANG BARAT,"RUMAH DIJUAL SEMARANG KAWASAN KOTA SATELIT BARU KOTA SEMARANG
  
  ADA KAMPUS UNIKA BSB
  
  UPTOWN MALL BSB
  
  MC DONALD PIZZA HUT SUPERINDO
  
  PEMBAYARAN TUNAI - TUNAI BERTAHAP & KPR
  
  HARGA MULAI RP. 2,847,152,000
  
  TERSEDIA TYPE STANDART & KHUSUS"
23,04-05-2021,https://www.rumah123.com/properti/semarang/hos8122979/,525,Semarang,118,80,3,1,0,0,1,0,1300,SHM,"RUMAH PUCANG GADING, SEMARANG TIMUR, PEDURUNGAN 3 KAMAR TIDUR READY | 3","HUNIAN RUMAH BARU MEWAH MURAH MINIMALIS MODERN SIAP HUNI BERLOKASI DI PERUM PUCANG SENTOSA PUCANG GADING
  DENGAN TYPE 80/113 HARGA 525 JT NEGO
  KMR TIDUR 3
  KMR MANDI 1
  DAPUR
  RUANG TAMU
  RUANG KELUARGA
  TAMAN DALAM
  CARPORT
  FREE PAGAR
  SERTIFIKAT SHM IMB PBB SUDAH READY
  
  LOKASI SEBELAH ALFAMART PUCANG GADING
  DEKAT TVRI SEMARANG
  INFO DAN SURVEY"
24,04-05-2021,https://www.rumah123.com/properti/semarang/hos7980652/,573,Semarang,91,50,2,2,0,0,0,0,1300,SHM,RUMAH MINIMALIST DEKAT UNDIP TEMBALANG,KSB TAMAN CENDANA SAMBIROTO
25,04-05-2021,https://www.rumah123.com/properti/semarang/hos7969336/,610.5,Semarang,97,50,2,2,0,0,0,0,1300,SHM,RUMAH MURAH DI KAWASAN UNIMUS TEMBALANG,KSB TAMAN CENDANA SAMBIROTO LOKASI SAMPING PERUMAHAN ELITE CITRA GRAND LOKASI SANGAT STRATEGIS!!! HUNIAN MEWAH DI KOTA SEMARANG
26,04-05-2021,https://www.rumah123.com/properti/semarang/hos8122661/,778.7,Semarang,120,47,2,1,0,0,1,0,1300,HGB,RUMAH BARU KOTA SATELIT ALISON BSB CITRALAND,RUMAH DIJUAL SEMARANG KAWASAN KOTA SATELIT BARU KOTA SEMARANG ADA KAMPUS UNIKA BSB UPTOWN MALL BSB MC DONALD PIZZA HUT SUPERINDO PEMBAYARAN TUNAI - TUNAI BERTAHAP & KPR INFO LEBIH DETAIL DM & CALL
27,04-05-2021,https://www.rumah123.com/properti/semarang/hos8122834/,530,Semarang,102,45,2,1,0,0,1,0,1300,SHM,RUMAH PEDURUNGAN SEMARANG TIMUR GRAHAMUKTI WOLTER MONGINSIDI | 3,"KODE IKLAN 3 TLOGOMULYO ASRI CLUSTER KAMI HADIRKAN HUNIAN CLUSTER DI TLOGOMULYO PEDURUNGAN, DEKAT DENGAN RENCANA SIMPANG LIMA KE-DUA KOTA SEMARANG. FOTO ASLI RUMAH RUMAH BARU SIAP HUNI TYPE 45/102 M2 KEUNGGULAN TLOGOMULYO ASRI CLUSTER DEKAT SWALAYAN ANEKA JAYA DEKA JALAN RAYA WOLTERMONGINSIDI CLUSTER ONE GATE RUMAH POJOK SECURITY TLOGOMULYO ASRI CLUSTER SANGAT COCOK UNTUK RUMAH TINGGAL/INVENTASI KARENA DEKAT DENGAN RENCANA SIMPANG LIMA KE-DUA KOTA SEMARANG DIPASTIKAN HARGA JUAL CLUSTER AKAN TERUS MENINGKAT LEBAR JALAN DEPAN RUMAH 6 METER JALAN PAVING PERUMAHAN DITUTUP OLEH PAGAR JADI BISA DIPASTIKAN AMAN DAN MEWAH SPESIFIKASI PONDASI :PASANGAN BATU BELAH STRUKTUR:BETON BERTULANG DINDING :BATU BATA, DIPLESTER ACI DAN DI CAT KM KERAMIK 25X40 LANTAI : RUANG UTAMA GRANITE 60X60, TERAS GRANITE 60X60 WARNA GELAP ATAP : ALUMUNIUM PINTU DEPAN DAN KAMAR: KAYU JATI MELAMIN PINTU KAMAR MANDI :ALUMUNIUM KACA GELAP PLAFOND : GYPSUM CLOSET : CLOSET DUDUK, SHOWER + KRAN LISTRIK : 1300 VA/220 V LEGALITA"
28,04-05-2021,https://www.rumah123.com/properti/semarang/hos8122777,700,Semarang,138,55,2,2,0,0,1,0,1300,SHM,RUMAH MINIMALIS BEST VIEW!!! DI MULAWARMAN TEMBALANG SEMARANG,RUMAH TOWN HOUSE MULAWARMAN 1 LANTAI MEWAH LOKASI SUPER STRATEGIS JL MULAWARMAN II .SEMARANG JAWA TENGAH LOKASI SUPER STRATEGIS : 2 MENIT KE JL MULAWARMAN RAYA 4 MENIT KE PASAR TRADISIONAL DAMAR 5 MENIT KE UNDIP TEMBALANG 5 MENIT KE TAMAN TIRTO AGUNG 6 MENIT KE PINTU TOL TIRTO AGUNG 7 MENIT KE SEKOLAH AL AZHAR 8 MENIT KE RS BANYUMANIK 9 MENIT KE PIZZA HUT 10 MENIT KE TRANSMART/KFC 11 MENIT KE RS HERMINA BONUS CASH DAN SOFTCASH : FREE BIAYA BALIK NAMA TAMAN CANTIK TANDON AIR 500 LT TEMBOK KELILING 1.5M
29,04-05-2021,https://www.rumah123.com/properti/semarang/hos8122726/,1654,Semarang,160,90,3,2,0,0,2,0,2200,HGB,RUMAH BARU KOTA SATELIT VALECIA BSB CITRALAND,"RUMAH DIJUAL SEMARANG KAWASAN KOTA SATELIT BARU KOTA SEMARANG
  
  ADA KAMPUS UNIKA BSB
  
  UPTOWN MALL BSB
  
  MC DONALD PIZZA HUT SUPERINDO
  
  HARGA RUMAH BELUM TERMASUK PRIVATE POOL
  
  PEMBAYARAN TUNAI - TUNAI BERTAHAP & KPR
  
  INFO LEBIH DETAIL DM & CALL"
30,04-05-2021,https://www.rumah123.com/properti/semarang/hos8122586/,1012,Semarang,135,54,2,1,0,0,1,0,1300,HGB,RUMAH BARU KOTA SATELIT DOLORES BSB CITRALAND,"RUMAH DIJUAL SEMARANG KAWASAN KOTA SATELIT BARU KOTA SEMARANG
  
  ADA KAMPUS UNIKA BSB
  
  UPTOWN MALL BSB
  
  MC DONALD PIZZA HUT SUPERINDO
  
  PEMBAYARAN TUNAI - TUNAI BERTAHAP & KPR
  
  INFO LEBIH DETAIL DM & CALL"
31,04-05-2021,https://www.rumah123.com/properti/semarang/hos8122525/,690,Semarang,120,138,2,1,0,0,0,1,2200,SHM,HUNIAN PERBUKITAN NYAMAN DAN ASRI,"RUMAH DIJUAL SEMARANG - BANGUNAN SATU SETENGAH LANTAI
  
  - VIEW DEPAN LAUT UTARA
  
  - VIEW SAMPING PEMANDANGAN PERBUKITAN
  
  - JALANAN LEBAR
  
  - BANYAK TAMAN HIJAU
  
  - GARASI DIBAWAH LEBAR BISA UNTUK PARKIR MOBIL DAN MOTOR
  
  - 1 UNIT POMPA AIR
  
  - PENAMPUNGAN AIR 3 KUBIK
  
  - SUDAH ADA JARINGAN TELKOM/INTERNET FIBER OPTIK"
32,04-05-2021,https://www.rumah123.com/properti/semarang/hos8122494/,1300,Semarang,135,135,3,1,1,1,0,0,3500,SHM,J. CEPAT! RUMAH GRAHA PADMA SEMARANG,RUMAH DIJUAL SEMARANG
33,04-05-2021,https://www.rumah123.com/properti/semarang/hos8123537/,804,Semarang,120,80,3,2,0,0,1,0,2200,SHM,RUMAH CLUSTER READY STOK BANGUNAN BARU LINGKUNGAN AMAN DAN NYAMAN,"RUMAH BANYUMANIK KUALITAS TERBAIK, READY STOK TERBANYAK !
  
  PERMATA GREEN GARDEN
  JL PERMATA GRAFIKA, BANYUMANIK, SEMARANG, JAWA TENGAH.
  
  SPESIFIKASI DARI RUMAH :
  
  LUAS TANAH 120M2
  LUAS BANGUNAN 80M2
  KAMAR TIDUR 3
  KAMAR MANDI 2
  CARPORT
  LISTRIK 2200 WATT
  
  KENAPA HARUS BELI DI PERMATA GREEN GARDEN ?
  KARENA BELI DISINI ANDA GAK AKAN MENYESAL...
  - TERSEDIA RUMAH READY STOK TERBANYAK
  - SPEK BANGUNAN PALING MANTUL ! KUALITAS DIATAS RATA2, PONDASI CAKAR AYAM, SIAP NAIK 2 LANTAI
  - SEMUA PINTU MATERIAL KAYU JATI BERKUALITAS BAGUS
  - ANAK KUNCI MERK ""SOLID"" BERGARANSI 50 TAHUN, RUSAK GANTI BARU ( ADA KARTU GARANSI )
  - SERTIFIKAT READY SUDAH SPLIT PERBIDANG, IMB SUDAH TERBIT, DIJAMIN AMAN SULEMAN
  - AIR ARTETIS 24 JAM IURAN PALING MURAH, HANYA 50 RIBU / - BULAN PEMAKAIAN SEPUASNYA !
  - KEAMANAN 24 JAM
  - BANGUNAN BERGARANSI 100 HARI
  
  BONUS LANGSUNG :
  
  + AC
  + KANOPI
  + TERALIS JENDELA
  + TANDON AIR 800 LITER
  
  
  UNTUK INFORMASI LEBI"
34,04-05-2021,https://www.rumah123.com/properti/semarang/hos8123488/,550,Semarang,85,55,2,1,0,0,1,0,1300,SHM,READY STOK CLUSTER ONE GEAT LINGKUNGAN PERUMAHAN AMAN DAN NYAMAN JALAN LEBAR,"RUMAH BANYUMANIK KUALITAS TERBAIK, READY STOK TERBANYAK !
  
  PERMATA GREEN GARDEN
  JL PERMATA GRAFIKA, BANYUMANIK, SEMARANG, JAWA TENGAH.
  
  SPESIFIKASI DARI RUMAH :
  
  LUAS TANAH 85M2
  LUAS BANGUNAN 55M2
  KAMAR TIDUR 2
  KAMAR MANDI 1
  CARPORT
  LISTRIK 1300 WATT
  
  KENAPA HARUS BELI DI PERMATA GREEN GARDEN ?
  KARENA BELI DISINI ANDA GAK AKAN MENYESAL...
  - TERSEDIA RUMAH READY STOK TERBANYAK
  - SPEK BANGUNAN PALING MANTUL ! KUALITAS DIATAS RATA2, PONDASI CAKAR AYAM, SIAP NAIK 2 LANTAI
  - SEMUA PINTU MATERIAL KAYU JATI BERKUALITAS BAGUS
  - ANAK KUNCI MERK ""SOLID"" BERGARANSI 50 TAHUN, RUSAK GANTI BARU ( ADA KARTU GARANSI )
  - SERTIFIKAT READY SUDAH SPLIT PERBIDANG, IMB SUDAH TERBIT, DIJAMIN AMAN SULEMAN
  - AIR ARTETIS 24 JAM IURAN PALING MURAH, HANYA 50 RIBU / - BULAN PEMAKAIAN SEPUASNYA !
  - KEAMANAN 24 JAM
  - BANGUNAN BERGARANSI 100 HARI
  
  BONUS LANGSUNG :
  
  + AC
  + KANOPI
  + TERALIS JENDELA
  + TANDON AIR 800 LITER
  
  
  UNTUK INFORMASI LEBIH"
35,04-05-2021,https://www.rumah123.com/properti/semarang/hos8123408/,400,Semarang,100,46,2,1,0,0,1,0,1300,SHM,HUNIAN CANTIK BANGUNAN BARU DESAIN MODERN TANAH LUAS 100M2,"SENDANGMULYO PERMAI
  STRATEGIS DAN TERNILAI
  
  BERADA DI JALAN SENDANGMULYO RAYA TEMBALANG SEMARANG
  
  SPESIFIKASI :
  TYPE 45/100 M
  K. TIDUR (2)
  K. MANDI (1)
  HARGA RP. 400 JUTA
  NEGO SAMPAI JADI !!
  
  KELEBIHAN LOKASI :
  + DEKAT PASAR METESEH
  + DEKAT JALAN RAYA METESEH
  + SELANGKAH KE SD INTERNATIONAL KLIPANG
  + DEKAT KE RSUD KETILENG
  + DEKAT KAMPUS UNDIP DAN UNIMUS
  
  SPESIFIKASI PREMIUM :
  
  - PONDASI : BATU BELAH
  - KAMAR TIDUR (2)
  - KAMAR MANDI (1)
  - LANTAI : GRANIT 60 X 60
  - PASIR : MUNTILAN
  - BATA : BATA MERAH
  - PONDASI : BATU KALI
  - ATAP : BAJA RINGAN
  - KUSEN : ALUMINIUM
  - LISTRIK : 1300 WATT
  
  UNTUK INFORMASI LEBIH LENGKAP :
  
  HUBUNGI NOMOR KAMI DI PROFILE
  SILAHKAN TELFON/WHATSAPP KAMI"
36,04-04-2021,https://www.rumah123.com/properti/semarang/hos8121999/,1400,Semarang,200,100,2,1,0,0,1,0,1300,SHM,SEMARANG TIMUR PERUMAHAN,"BUAT BELI SEPEDA ROADBIKE
  WA 081901412248"
37,04-04-2021,https://www.rumah123.com/properti/semarang/hos8121998/,17000,Semarang,583,460,6,4,1,1,0,0,2200,SHM,SEMARANG KOTA JL. MATARAM,HARGA NEGO SMP JADI
38,04-04-2021,https://www.rumah123.com/properti/semarang/hos8121985/,950,Semarang,212,200,3,2,0,0,1,0,900,SHM,RUMAH SIAP HUNI DI JANGLI,"RUMAH DIJUAL
  
  LT. 212M2 LB. 200M2 (2 RUMAH)
  
  RUANGAN : 3KT, 2KM
  FASILITAS : ARTETIS, 900W X 2
  HADAP : UTARA
  STATUS : HM
  
  LOKASI DI SEMARANG SELATAN, BEBAS BANJIR, SEJUK, DAERAH PERBUKITAN JANGLI, AKSES KE JLN RAYA WAHIDIN DEKAT MUDAH, 15 MENIT KE SIMPANG LIMA, 10 MENIT KE PINTU TOL JATINGALEH, 10 MENIT KE RS ELIZABETH, RUMAH SIAP HUNI.
  
  DANNI
  ERA ATLAS
  DANNI-W.AGENPROPERTI123.COM
  99.CO/ID/DANNI.WARDHANA"
39,04-04-2021,https://www.rumah123.com/properti/semarang/hos8121984/,3200,Semarang,365,250,3,3,2,0,3,1,2200,SHM,RUMAH / KANTOR STRATEGIS DI PUSPOWARNO,"RUMAH DIJUAL
  
  LT. 365M2 LB. 250M2
  
  RUANGAN : 3KT + 2 KT PEMB, 3KM, 1 R. TAMU, 1R. KELUARGA, 1 R. MAKAN, 2 DAPUR, 1 GARASI, 3 CARPORT
  FASILITAS : PAM, SUMUR, 2200W
  HADAP : UTARA BARAT
  STATUS : HM
  
  LOKASI DI SEMARANG BARAT, AKSES KE JLN RAYA SUDIRMAN PAMULARSIH DEKAT MUDAH, STRATEGIS, DAERAH PERNIAGAAN PERKANTORAN, 10 MENIT KE PINTU TOL KRAPYAK, 10 MENIT KE SIMPANG LIMA, 10 MENIT KE BANDARA AHMAD YANI, 10 MENIT KE STASIUN PONCOL, JLN DEPAN BISA DILEWATI TRUK, RUMAH SIAP HUNI, COCOK UNTUK KANTOR.
  
  DANNI
  ERA ATLAS
  DANNI-W.AGENPROPERTI123.COM
  99.CO/ID/DANNI.WARDHANA"
40,04-04-2021,https://www.rumah123.com/properti/semarang/hos8121983/,675,Semarang,115,80,3,2,0,0,1,0,2200,SHM,"RUMAH SIAP HUNI DI NGESREP, DEKAT RESTO LOMBOK IJO","RUMAH DIJUAL
  
  LT. 115M2 LB. 80M2
  
  RUANGAN : 3KT, 2KM, 1R. TAMU, 1 R. KELUARGA, 1. DAPUR, 1 CARPORT
  FASILITAS : PAM, 2200W
  HADAP : SELATAN
  STATUS : HM
  
  LOKASI SMG SELATAN, BEBAS BANJIR, AKSES KE JLN RAYA SETIABUDI DEKAT MUDAH, DKT DGN PINTU TOL JATINGALEH, DKT DG ADA SWALAYAN TRANSMART, DKT DGN RS HERMINA BANYUMANIK, DKT DGN KAMPUS UNDIP, RUMAH SIAP HUNI
  
  DANNI
  ERA ATLAS
  DANNI-W.AGENPROPERTI123.COM
  99.CO/ID/DANNI.WARDHANA"
41,04-04-2021,https://www.rumah123.com/properti/semarang/hos8121982/,1500,Semarang,553,250,2,2,0,0,1,1,0,SHM,RUMAH & KIOS SIAP HUNI DI PLALANGAN GUNUNGPATI,"RUMAH DIJUAL
  
  LT. 553M2 LB. 250M2
  
  RUANGAN : 2KT, 2KM, 1R. TAMU, 1 R. KELUARGA, 1 DAPUR, 1 GARASI, 1 CARPORT, 2 KIOS
  FASILITAS :
  STATUS : HM
  HADAP : UTARA
  
  LOKASI DI PERBUKITAN GUNUNGPATI, SEJUK, BEBAS BANJIR, DI PINGGIR JLN UTAMA UNGARAN - BOJA, STRATEGIS, BISA DILEWATI TRUK, ADA 2 KIOS UTK USAHA, RUMAH SIAP HUNI
  
  DANNI
  ERA ATLAS
  DANNI-W.AGENPROPERTI123.COM
  99.CO/ID/DANNI.WARDHANA"
42,04-04-2021,https://www.rumah123.com/properti/semarang/hos8121840/,1900,Semarang,174,250,5,3,1,1,2,0,5500,SHM,RUMAH 3 LANTAI FULL FURNISHED PUSAT KOTA UNGARAN,"RUMAH 3 LANTAI FULL FURNISH STRATEGIS + BONUS HOME THEATER
  PUSAT KOTA UNGARAN
  
  SPESIFIKASI :
  * LUAS BANGUNAN 250 M
  * LUAS TANAH 174 M
  * LISTRIK 5500 WATT
  * AIR SUMUR ARTETIS
  * KAMAR TIDUR 5
  * KAMAR MANDI 3
  * RUANG TAMU
  * RUANG KELUARGA/TV
  * RUANG MAKAN
  * MUSHOLA + TEMPAT WUDHU
  * AC ADA 6 UNIT (1 PK 3UNIT, PK 3UNIT)
  * CCTV 8 TITIK
  * WIFI BIZNET 100MBPS
  * CARPORT 2 MOBIL
  * ROOFTOP
  * POMPA AIR SHIMIZU + TANDON 1000 LITER
  
  AKSES :
  * DEKET JALAN TOLL UNGARAN
  * DEKET JALAN RAYA
  * DEKET RSUD UNGARAN
  * MEPET PUSAT OLEH-OLEH KHAS UNGARAN
  * AKSES 2 MOBIL PAPASAN
  
  HARGA : RP. 1.900.000.000,- (NEGO)"
43,04-04-2021,https://www.rumah123.com/properti/semarang/hos8121826/,850,Semarang,150,100,3,2,0,0,1,0,2200,SHM,"RUMAH BAGUS TINGKAT 2 LANTAI SIAP PAKAI DI PERUMAHAN BSB VILLAGE, MIJEN, SEMARANG","LINGKUNGAN YANG AMAN, TENANG DAN NYAMAN
  ONE GATE SYSTEM
  SISTEM KEAMANAN 24 JAM
  BEBAS BANJIR
  ADA RESTO LAKERS
  LOKASI 15 MENIT DARI BSB CITY
  AC 2 UNIT
  HARGA 850 JUTA"
44,04-04-2021,https://www.rumah123.com/properti/semarang/hos8121758/,3000,Semarang,300,400,3,2,0,0,0,0,0,SHM,"RUMAH TINGKAT 2 LANTAI SIAP PAKAI DI PERUMAHAN VILLA CANDI ASRI, SEMARANG","LINGKUNGAN YG AMAN, TENANG , SEJUK DAN NYAMAN
  BEBAS BANJIR
  BANGUNAN TINGKAT 2 LANTAI
  AC 4 UNIT
  LEBAR DEPAN 15 X 20 M
  HADAP SELATAN
  HARGA 3 M"
45,04-04-2021,https://www.rumah123.com/properti/semarang/hos8120451/,350,Semarang,85,85,2,1,0,0,1,0,1300,SHM,RUMAH SIAP DI TEMPATI AKSES MUDAH HARGA TERJANGKAU LINGKUNGAN PERUMAHAN,"DIJUAL RUMAH SIAP HUNI ISTIMEWA DI MANGUNHARJO TEMBALANG SEMARANG
  
  LOKASI DI PERUMAHAN KOMPLEK PERUM POLRI DURENAN
  
  SPESIFIKASI DARI RUMAH :
  
  - LUAS BANGUNAN 85M2
  
  - LUAS TANAH 85M2
  
  =) HARGA 350 JUTA
  
  
  - KAMAR TIDUR 2
  
  - KAMAR MANDI 1
  
  - LISTRIK 1300 WATT
  
  - CARPORT
  
  - AIR AIRTETIS 24 JAM
  
  - SHM
  
  - FREE PAGAR
  
  KEUNGGULAN DARI LOKASI :
  
  + LINGKUNGAN PERUMAHAN AMAN DAN NYAMAN
  
  + SELANGKAH KE JALAN UTAMA
  
  + DEKAT DENGAN SPBU
  
  + DEKAT DENGAN ALFAMART, INDOMARET
  
  + DEKAT DENGAN MUSHOLA DAN TAMAN
  
  + DEKAT SMP 33 MANGUNHARJO TEMBALANG
  
  UNTUK INFORMASI LEBIH LENGKAP :
  
  LANGSUNG HUBUNGI NOMOR KAMI DI PROFIL
  SEGERA JAPRI UNTUK SURVEI LOKASI"
46,04-04-2021,https://www.rumah123.com/properti/semarang/hos8120376/,2500,Semarang,170,160,4,3,0,0,2,0,3500,SHM,HUNIAN MEWAH 2 LANTAI BANGUNAN GAGAH ISTIMEWA LINGKUNGAN PERUMAHAN AMAN DAN NYAMAN,"RUMAH BUKITSARI MEWAH 2 LANTAI LOKASI ISTIMEWA AKSES MUDAH DAN LEBAR
 
 - LT 170M2
 
 - LB 160M2
 
 - 4 KAMAR TIDUR
 
 - 3 KAMAR MANDI
 
 - AIR PDAM
 
 - LISTRIK 3300 WATT
 
 - BISA REQUEST DESAIN DAN TATA RUANG
 
 SPESIFIKASI RUMAH :
 
 - RUANG TAMU
 
 - RUANG KELUARGA
 
 - RUANG SANTAI
 
 - BALKON ATAS
 
 - DAPUR
 
 - RUANG MAKAN
 
 - DAPUR
 
 - TERAS DEPAN
 
 - CARPORT 2 MOBIL
 
 BONUS :
 
 - FREE BALIK NAMA
 
 - FREE BIAYA NOTARIS
 
 - TAMAN CANTIK
 
 - TANDON AIR ATAS 1000 LT
 
 - PAKET FURNITURE
 
 - KANOPI
 
 - AC SETIAP KAMAR
 
 - TEMBOK PAGAR 1,5M
 
 TERBATAS !
 
 UNTUK INFORMASI LEBIH LANJUT SEGERA :
 
 HUBUNGI NOMOR KAMI DI PROFIL
 SILAHKAN TELFON/WHATSAPP KAMI"
47,04-03-2021,https://www.rumah123.com/properti/semarang/hos8115805/,7000,Semarang,550,400,2,1,3,2,2,2,4400,SHM,"RUMAH MEWAH, HARGA MURAH DI LOKASI STRATEGIS","RUMAH DIJUAL SEMARANG - RUMAH HOOK
  
  - 2 LANTAI LOKASI SANGAT STRATEGIS DAN NYAMAN DI JALAN SUPRIYADI, KOTA SEMARANG
  
  - LOKASI SANGAT STRATEGIS, AKSES SANGAT MUDAH, COCOK UNTUK RUMAH ATAU KANTOR
  
  
  
  SPESIFIKASI LOKASI:
  
  * AKSES JALAN KAKI (WALKING DISTANCE) KE SEKOLAH TERNAMA, ATM, MINI MARKET, DLL
  
  * 5 MENIT KE TLOGOSARI
  
  * 5 MENIT KE PINTU TOL GAYAMSARI / PASAR GAYAMSARI
  
  * 10 MENIT KE SIMPANG LIMA
  
  * 10 MENIT KE STASIUN TAWANG
  
  * 15 MENIT KE JALAN PEMUDA
  
  * 20 MENIT KE BANDARA AHMAD YANI
  
  
  
  SPESIFIKASI RUMAH:
  
  # 1 RUANG SEMBAHYANG
  
  # SUDAH TERPASANG 3 UNIT AC & 1 UNIT WATER HEATER
  
  # LANTAI FULL MARMER ASLI
  
  # PINTU & JENDELA FULL KAYU JATI
  
  # GENTENG KERAMIK KIA
  
  # KUDA KUDA ATAP DARI KAYU KALIMANTAN
  
  # TOREN AIR 2200L
  
  # DAPUR & PANTRY KERING TERPISAH
  
  # CARPORT DEPAN DAN SAMPING MUAT 2 MOBIL & GARASI MUAT 2 MOBIL
  
  # TAMAN DEPAN, SAMPING & DALAM – RIMBUN & SEJUK"
48,04-03-2021,https://www.rumah123.com/properti/semarang/hos8115817/,5500,Semarang,230,400,4,3,1,1,1,0,4400,SHM,RUMAH MINIMALIS SIAP HUNI DI KEDUNG MUNDU,"RUMAH DIJUAL SEMARANG BANGUNAN BARU 4 TAHUN
  
  DAPUR+KITCHEN SET
  
  CARPORT"
49,04-03-2021,https://www.rumah123.com/properti/semarang/hos8058018/,1600,Semarang,416,260,4,2,1,1,0,0,4400,SHM,RUMAH DI KAYU MAS,"RUMAH TINGGAL, LINGKUNGAN NYAMAN"
50,04-03-2021,https://www.rumah123.com/properti/semarang/hos8116845/,1800,Semarang,120,96,3,2,0,0,2,0,2200,SHM,RUMAH BARU MINIMALIS DI CLUSTER KEDATON BSB CITY,"RUMAH BSB KEDATON
  CLUSTER AREAL BSBCITY
  POSISI HOOK
  DI DEPAN TAMAN PERUMAHAN
  DOUBLE CARPOT
  TAMAN DEPAN, SAMPING DAN BELAKANG
  GARDEN
  JALAN DEPAN ROW 8M
  AIR BERSIH SISTEM BSBCITY
  ONE STOP LIVING
  TAMAN AKTIF, KEDATON CAFE, FITNESS CENTRE, KOLAM RENANG, ONE GATE SYSTEM, KAMERA CCTV, KEAMANAN 24 JAM"
51,04-03-2021,https://www.rumah123.com/properti/semarang/hos8115783/,875,Semarang,160,160,2,2,1,1,0,0,2200,SHM,"RUMAH TERAWAT DI PERUMAHAN GENUK INDAH, KAPAS TENGAH RAYA","RUMAH DIJUAL SEMARANG BERSIH, TERAWAT, SIAP HUNI"
52,04-03-2021,Rumah dijual 80 kamar hos8118595 | rumah123.com,485,Semarang,80,62,3,2,0,0,1,0,1300,SHM,RUMAH BAGUS INDENT DI PABELAN KARTASURA (DR),"TYPE :*DIPASARKAN*
  TYPE : RUMAH BAGUS 2 LT INDENT
  LOKASI : PABELAN , KARTOSURO, SUKOHARJO, JAWA TENGAH.
  
  SPESIFIKASI:
  
  LUAS TANAH MULAI : +- 62M2
  LUAS BANGUNAN MULAI : +-80M2
  LEBAR DEPAN : +- 7.5M
  LANTAI : 2
  KAMAR TIDUR : 3
  KAMAR MANDI : 2
  AIR : SUMUR BOR
  LISTRIK : 1300 WATT
  CARPOT : 1 MOBIL
  SERTIFIKAT : SHM ( PROSES PECAH )
  IMB : PROSES
  BANGUNAN TAHUN : 2021
  RUANG LAIN2: RUANG TAMU, RUANG KELUARGA , RUANG SANTAI, DAPUR , TERAS , TAMAN , BALKON , TEMPAT JEMUR
  HADAP : TIMUR BARAT
  AKSES JALAN: ASPAL/PAVING SIMP MOBIL 6M
  
  KETERANGAN TAMBAHAN :
  
  LOKASI AMAN NYAMAN DAN SANGAT STRATEGIS DI LINGKUNGAN PERUMAHAN DAN DI TEPI JALAN UTAMA PABELAN YANG BERKEMBANG PESAT COCOK UNTUK HUNIAN ATAU UNTUK INVESTASI JANGKA PANJANG
  
  DENGAN AKSES PENDUKUNG DEKAT MUDAH DENGAN :
  
  + 5 MENIT KE KAMPUS UMS PABELAN
  + 8 MENIT KE TRANSMART PABELAN
  + 10 MENIT KE PINTU TOL NGASEM KERTOSONO-SOLO-SEMARANG
  +15 MENIT KE BANDARA ADI SUMARMO.
  
  HARGA PERDANA : RP 485 JUTA NETT."
53,04-03-2021,"Rumah dijual 2 lantai, 8 kamar hos8118817 | rumah123.com",1650,Semarang,300,400,8,4,0,0,2,2,2200,SHM,RUMAH MEWAH PEDURUNGAN TENGAH SEMARANG,"DIJUAL CEPAT.
  RUMAH MEWAH
  PEDURUNGAN TENGAH SEMARANG
  LUAS TANAH 300
  LUAS BANGUNAN 400
  LISTRIK 2200 WATT
  AIR ARTETIS
  SHM
  8 KAMAR BESAR
  4 KAMAR MANDI
  1 RUANG TAMU BESAR
  GARASI DAN CARPORT BS 4 SD 5 MOBIL
  TERAS
  LANTAI 2
  TAMAN INDAH
  BANGUNAN MODERN DAN LANTAI 2 CLASSIC."
54,04-03-2021,https://www.rumah123.com/properti/semarang/hos8112099/,780,Semarang,150,50,2,1,0,0,0,0,1300,SHM,RUMAH BARU,NYAMAN SIAP PAKAI
55,04-02-2021,https://www.rumah123.com/properti/semarang/hos8115074/,1300,Semarang,135,102,4,2,0,0,1,0,2200,SHM,PERUM VILLA MUTIARA TEMBALANG DEPAN UNDIP SEMARANG,"DIJUAL RUMAH MEWAH DEKAT UNDIP SAMPING APPARTEMENT TEMBALANG
  
  VILLA MUTIARA TEMBALANG
  LUAS TANAH 135
  LUAS BANGUNAN 102
  
  FASILITAS:
  - 4 KAMAR TIDUR
  - 2 KAMAR MANDI
  - CARPORT
  - RUANG TAMU
  - RUANG KELUARGA
  - DAPUR
  - DAK ATAS UNTUK JEMURAN DAN TANDON AIR
  - AIR PAM
  - LISTRIK 2200
  - LINGKUNGAN EKSKLUSIF (ONE GATE SYSTEM)
  - LEBAR JALAN DEPAN RUMAH 8 METER
  LOKASI SANGAT STRATEGIS :
  - BERADA DI LINGKUNGAN KAMPUS UNDIP TEMBALANG
  - PERUMAHAN VILLA MUTIARA TEMBALANG, SEMARANG
  - BELAKANG MASJID DIPONEGORO
  - DEKAT ADA SWALAYAN BANYUMANIK, KFC BANYUMANIK, CAREFOUR BANYUMANIK
  - DEKAT SIMPANG LIMA SEMARANG
  - SEMUA FASILITAS PENUNJANG SANGAT LENGKAP
  - DEKAT BANK, RESTORAN, POM BENSIN
  
  LEGALITAS: SERTIFIKAT, IMB, PBB LENGKAP
  
  HARGA: 1,3 M
  
  SURVEY PASTI SUKA, RUMAH IDAMAN LOKASI PREMIUM
  INFO DAN SURVEY HUB"
56,04-02-2021,https://www.rumah123.com/properti/semarang/hos8111802/,825.3,Semarang,116,80,3,1,0,0,2,0,2200,SHM,RUMAH MEWAH KOTA SEMARANG DENGAN VIEW HIJAU ALAMI,"RUMAH MEWAH DENGAN LINGKUNGAN ASRI DAN NYAMAN
  SERASA VILLA DI KOTA SEMARANG
  
  HARGA TERMURAH DI KELASNYA
  KAVLING SIAP BANGUN
  LINGKUNGAN SUDAH TERBENTUK BAGUS
  
  * BANGUNAN TIPE 80
  * LUAS TANAH 116 M
  * 3 KAMAR TIDUR
  * 1 KAMAR MANDI
  * AIR ARTETIS
  * LEBAR JALAN 8 METER
  * CARPORT BISA 2 MOBIL
  
  BERADA DI SEKELILING PERUMAHAN ELIT KOTA SEMARANG
  
  - JALUR ALTERNATIF KE UNDIP TEMBALANG
  - 7 MENIT KE UNDIP TEMBALANG
  - 10 MENIT KE JAVA MALL
  - 5 MENIT KE RSUD KOTA SEMARANG
  - 5 MENIT KE UNIMUS
  - 3 MENIT KE STIKES KARYAHUSADA SEMARANG
  
  ->> HARGA 825 JUTA
  ->> SISTEM PEMBELIAN CASH DAN KPR
  
  
  INFO DAN SURVEY HUBUNGI
  TLP/WA 085225626900 ( FANDI )"
57,04-02-2021,https://www.rumah123.com/properti/semarang/hos8112206/,3500,Semarang,230,200,3,2,2,1,1,1,5500,SHM,"RUMAH BARU DI GRAHA CANDI GOLF, FASILITAS KOMPLIT","DIJUAL RUMAH BARU DI GRAHA CANDI GOLF
  LT: 230 M (10X23)
  LB: 200 M
  SHM
  HDP SLTN
  KT: 3+1+1
  KM: 2+1
  GARASI: 1
  CARPORT: 1
  5500 WATT
  4 AC, KITCHEN SET, WATER HEATER, AIR ARTETIS, CANOPY
  
  HARGA: 3,5M"
58,04-02-2021,"Rumah dijual 2 lantai, 4 kamar hos8115098 | rumah123.com",1100,Semarang,200,162,4,2,0,0,0,0,2200,SHM,RUMAH DEPAN GOR MANUNGGAL JATI MAJAPAHIT PEDURUNGAN SEMARANG|3,"DIJUAL RUMAH DI MANUNGGAL JATI PEDURUNGAN
  RUMAH LOKASI STRATEGIS DI DEPAN GOR MANUNGGAL JATI PEDURUNGAN SEMARANG TIMUR
  AKSES MUDAH JALAN LEBAR DEKAT JALAN MAJAPAHIT SEMARANG LOKASI MEWAH
  TYPE 200/162 M2
  KAMAR TIDUR 4
  KAMAR MANDI 2
  DAPUR 2
  RUANG TAMU
  RUANG MAKAN
  RUNAG KELUARGA
  KEUNGGULAN LOKASI:
  DEPAN GOR MANUNGGAL JATI
  LEBAR JALAN DEPAN 6 M
  DEKAT JALAN RAYA MANUNGGALJATI
  DEKAT TRANSMART PEDURUNGAN
  DEKAT HOTEL HORYZON
  DEKAT SWALAYAN ADA FATMAWATI
  CLUSTER SECURITY
  BEBAS BANJIR
  LEGALITAS LENGKAP
  SHM
  PBB
  IMB
  DIJUAL HARGA 1.1 M
  UNTUK INFO DAN SURVEY HUB
  
  0
  
  KODE IKLAN 3"
59,04-02-2021,"Rumah dijual 1 lantai, 3 kamar hos8115070 | rumah123.com",600,Semarang,102,72,3,2,0,0,0,0,1300,SHM,RUMAH PEDURUNGAN SEMARANG SYUHADA TLOGOSARI READY STCOK | 5,"RUMAH BARU READY STOCK DI SYUHADA PERMAI TLOGOSARI WETAN PEDURUNGAN SEMARANG
  LOKASI STRATEGIS DEKAT AHHAS JL SOEKARNO HATTA PEDURUNGAN
  RUMAH TYPE 72/102
  KAMAR TIDUR 3
  KAMAR MANDI 2
  RUANG TAMU
  DAPUR
  SISA TANAH BELAKANG
  AIR ARTETIS
  LISTRIK 1300 WATT
  LOKASI STRATEGIS
  DEKAT JALAN SOEKARNO HATTA
  DEKAT KAMPUS USM
  DEKAT PUSAT BELANJA TLOGOSARI
  DEKAT AHASS
  DEKAT KAMPUS AMNI
  DEKAT PUSAT PERBELANJAAN TLOGOSARI
  DEKAT ALFAMART DAN INDOMARET
  JALAN LEBAR 7 M
  LEGALITAS :
  SERTIFIKAT HM
  PBB
  IMB ( LENGKAP )
  HARGA 600 JT NEGO"
60,04-02-2021,https://www.rumah123.com/properti/semarang/hos8115052/,2500,Semarang,170,160,4,3,0,0,2,0,3300,SHM,RUMAH BUKIT SARI GOMBEL NGESREP BANYUMANIK TEMBALANG SEMARANG | 3,"PERUMAHAN BUKIT SARI
  JALAN BUKIT PUNCAK (DEPAN KANTOR INDOSIAR)
  EXCLUSIVE ONLY 2 UNIT
  SPESIAL PRICE KHUSUS CASH 6 BULAN
  1. TYPE 160 / 170 M2 2 LANTAI HARGA 2.575 M
  
  MASIH ADA CASBACK 35JT
  
  SPESIFIKASI
  4 KAMAR TIDUR
  3 KAMAR MANDI
  RUANG TAMU
  RUANG KELUARGA
  RUANG SANTAI
  BALCON ATAS
  DAPUR + TEMPAT MAKAN
  TEMPAT CUCI
  TERAS DEPAN
  CARPORT 2 MOBIL
  LISTRIK 3300 WATT
  
  BONUS KONSUMEN
  1. BIAYA BALIK NAMA
  2. BIAYA NOTARIS
  3. TAMAN CANTIK
  4. TANDON ATAS 1000 LT
  5. PAKET FURNITURE
  5. AC SETIAP KAMAR
  6. MOTOR NEW N MAX
  7. TEMBOK KELILING 1,5M2
  
  *SERTIPIKAT HM
  *IMB PER UNIT RUMAH
  
  EXLUSIVE 2 UNIT ONLY"
61,04-02-2021,"Rumah dijual 1 lantai, 3 kamar hos8115050 | rumah123.com",975,Semarang,205,190,3,3,0,0,2,0,2200,SHM,RUMAH TENGAH KOTA CINDE JOMBLANG DPN PASAR MRICAN CANDISARI SEMARANG | 3,"RUMAH SIAP HUNI DI CINDE TIMUR JOMBLANG DEPAN PASAR MRICAN
  RUMAH BESAR LOKASI TENGAH KOTA SEMARANG DEKAT KEMANA MANA
  
  LUAS TANAH 205
  FULL BANGUNAN
  KMR TIDUR 3
  KMR MANDI 3
  GUDANG 1
  GARASI 2 MOBIL
  
  BANGUNAN BAGUS
  LOKASI STRATEGIES:
  DPN PASAR MRICAN
  DKT JL RAYA TENTARA PELAJAR
  DKT JAVA MALL
  BEBAS BANJIR
  LEGALITAS
  SHM
  IMB
  PBB LENGKAP
  
  FREE
  -TANDON AIR ATAS BAWAH"
62,04-01-2021,https://www.rumah123.com/properti/semarang/hos8111702/,2800,Semarang,258,160,7,2,0,0,1,0,1300,SHM,RUMAH TENGAH KOTA SIAP HUNI DI HALMAHERA SEMARANG TENGAH,"RUMAH TENGAH KOTA SIAP HUNI DIJUAL DI HALMAHERA SEMARANG TENGAH, LT/LB. 258/160 M2, SHM, KT 7, KM 2, HADAP TIMUR, LISTRIK 1300W, 1 LANTAI, PAM, CARPORT, AKSES JALAN MUDAH DAN KEMANA MANA DEKAT , RUMAH LAMA BUTUH RENOVASI, BEBAS BANJIR, LOKASI STRATEGIS DI TENGAH KOTA, DEKAT PUSKESMAS HALMAHERA, DEKAT DR CIPTO, DEKAT KARTINI, DEKAT MAJAPAHIT, DEKAT BARITO, DEKAT SIDODADI, DEKAT KAMPUS UPGRIS, DEKAT KAMPUNG KALI, JALAN LEBAR BISA PAPASAN 2 MOBIL, DEKAT SEKOLAH SD COR JESU, 8 MENIT KE SIMPANG LIMA, 5 MENIT KE SMP MARIA MEDIATRIX DAN SMU SEDES SAPIENTIAE, 5 MENIT KE SEKOLAH YSKI, 5 MENIT KE SEKOLAH DIAN ASIH, 7 MENIT KE SEKOLAH XAVERIUS"
63,03-31-2021,https://www.rumah123.com/properti/semarang/hos8105635/,7900,Semarang,450,750,4,4,2,1,0,0,2200,SHM,RUMAH MEWAH DI GRAHA PADMA SEMARANG,"BANGUNAN TAHUN 2014~2016 DIBANGUN DGN PENGAWASAN SENDIRI
  BAGUS KOKOH BUKAN SISTEM BORONGAN.
  
  LUAS TANAH 450M (15X30)
  LUAS BANGUNAN 750M
  KAMAR TIDUR + KAMAR MANDI DALAM: 4
  KAMAR MANDI LUAR : 1
  KAMAR TIDUR PEMBANTU : 2
  KAMAR MANDI PEMBANTU : 1
  GUDANG: 1
  GARASI LUAS : 6X6
  DAPUR BASAH LUAS 4X4
  DAPUR KERING
  TANDON AIR LUAS ISI 6M
  KOLAM IKAN KOI LUAS 1.5 MX 9 M DALAM 1.8M
  HADAP BARAT"
64,03-31-2021,Rumah dijual 5 kamar hos8104692 | rumah123.com,3000,Semarang,414,275,5,2,0,0,0,0,2200,SHM,RUMAH DI REJOSARI BAGUS TENGAN KOTA 3 M,"LUAS TANAH 414M
  LUAS BANGUNAN 275M
  5 KAMAR TIDUR
  2 KAMAR MANDI
  HADAP BARAT
  LISTRIK 2200 WATT
  AIR PDAM
  ADA GUDANG KECIL DAN MUSHOLA
  
  KEUNGGULAN :
  5 MENIT KE SIMPANG LIMA
  1 MENIT KE JL DR.CIPTO
  DEKAT PUSAT PERBELANJAAN
  DEKAT SPBU
  BEBAS BANJIR"
65,03-31-2021,"Rumah dijual 1 lantai, 4 kamar hos8104648 | rumah123.com",8000,Semarang,690,253,4,2,1,1,1,1,2200,SHM,"RUMAH STRATEGIS DI ABDUL RAHMAN SALEH, SEMARANG BARAT, SEMARANG","KAMAR TIDUR 4+1
  KAMAR MANDI 2+1
  1 LANTAI
  HADAP TIMUR
  LISTRIK 2.200 WATT
  PDAM
  TELP 1
  TERAS
  GUDANG
  GARASI
  CARPORT
  RUMAH LOKASI STRATEGIS DEKAT DENGAN BANDARA, STASIUN, PELABUHAN.
  COCOK UNTUK HUNIAN, RESTO, KANTOR, ANGKRINGAN, PERKANTORAN, RS COLUMBIA.
  (DI)"
66,03-31-2021,Rumah dijual 6 kamar hos8104325 | rumah123.com,5500,Semarang,292,375,6,3,0,0,2,2,0,SHM,"RUMAH BESAR BAGUS DI KRAKATAU TENGAH KOTA 5,5 M","LUAS TANAH 292M
  LUAS BANGUNAN 375M
  KAMAR TIDUR 4+2
  KAMAR MANDI 2+1
  GARASI MUAT 2 MOBIL
  CARPORT MUAT 2 MOBIL
  SERTIFIKAT HAK MILIK"
67,03-31-2021,"Rumah dijual 2 lantai, 1 kamar hos8104209 | rumah123.com",1400,Semarang,81,70,1,2,0,0,0,0,4400,SHM,"RUMAH DI AKIHIRO, CITRASUN GARDEN ,SEMARANG ( RA 2453 )","RUMAH BAGUS SIAP HUNI
  HADAP UTARA
  RUMAH 2 LANTAI
  ADA AC , 4400W, ARTETIS
  SHM
  FULL FURNISHED"
68,03-31-2021,Rumah dijual 5 kamar hos8104056 | rumah123.com,2000,Semarang,200,167,5,5,0,0,0,1,3500,SHM,"TURUN HARGA, RUMAH DI JALAN UTAMA, BAGUS, ELITE, SIAP HUNI DI TAMANSARI MAJAPAHIT SEMARANG TIMUR","RUMAH DIJUAL SEMARANG ( NEGO SAMPAI JADI ) LUAS TANAH : 200 M2 LUAS BANGUNAN : 167 M2 KAMAR TIDUR : 5 ( 4 KMR DI LENGKAPI AC ) KAMAR MANDI : 5 ( KMR MANDI UTAMA ADA BATHTAB) & ( 4 KMR MANDI ADA WATER HEATER) GUDANG : 1 R. JEMUR PAKAIAN: 1 RUANG FITNESS : 1 RUANG MAKAN : 1 RUANG TAMU : 1 GARASI DALAM : 1 MOBIL TERAS : BISA 2 MOBIL. BISA 5 MOTOR. KOLAM IKAN : ADA 2 DI RUANG MAKAN : 1 DI TERAS : 1 LISTRIK : 3500 W TANDON AIR : ADA 3 LANTAI : GRANIT PINTU & KUSEN : KAYU JATI SERTIFIKAT : SHM. BONUS : 4 UNIT AC & SEMUA GORDEN RUMAH MENGHADAP KE TIMUR. FASILITAS COMPLEX: ADA KOLAM RENANG & FITNESS CENTER. FASILITAS UMUM : GELANGGANG OLAH RAGA MANUNGGAL JATI, MASJID, GEREJA, ALFAMART & PETRA SCHOOL."
69,03-31-2021,"Rumah dijual 2 lantai, 2 kamar hos8102605 | rumah123.com",850,Semarang,148,110,2,1,1,0,0,0,2200,SHM,"TLOGOSARI, SEMARANG TIMUR","RUMAH SEDERHANA DENGAN LD 8 M, BERADA DI TLOGOTIMUN PEDURUNGAN HANYA SEKITAR 150 M DARI ARTERI SOEKARNO HATTA DEKAT TLOGOSARI,AKSES CEPAT KE SUPRIYADI MAUPUN PEDURUNGAN,HADAP SELATAN"
70,03-31-2021,"Rumah dijual 1 lantai, 3 kamar hos8102596 | rumah123.com",825,Semarang,123,80,3,1,0,0,0,0,2200,SHM,"SIAP HUNI 2 LANTAI, DEKET BSB NGALIAN SEMARANG BARAT","RUMAH BAGUS DAN BARU.
  2 LANTAI.
  BERLOKASI DI NGALIAN (DEKAT BSB CITY).
  CLUSTER ONE GATE SYSTEM.
  - TYPE 80/123M2 HARGA 825JT ( KOLAM RENANG PRIBADI).
  - TYPE 120/120M2 HARGA 850JT .
  PEMBAYARAN BISA VIA CASH MAUPUN KPR.
  
  LOKASI SANGAT STRATEGIZ.
  DEKET BANGET DENGAN JALAN RAYA.
  
  INFO LENGKAP, SILAHKAN TELPON ATAU WHATSAP KAMI."
71,03-30-2021,https://www.rumah123.com/properti/semarang/hos8078462/,343,Semarang,100,36,2,1,0,0,0,0,1300,SHM,RUMAH MURAH DI UNGARAN TIMUR DEKAT ALUN ALUN,LOKASI SUPER STRATEGIS : PINGGIR JALAN RAYA UNGARAN-KALONGAN
72,03-30-2021,https://www.rumah123.com/properti/semarang/hos8017978/,250,Semarang,108,108,3,1,0,0,0,0,0,HGB,TANAH &AMP BANGUNAN DI KOTA SEMARANG,"SPESIFIKASI :
 SHGB
 LT. 108 M2 / LB. 108 M2
 1 LANTAI
 3 KAMAR TIDUR
 1 KAMAR MANDI
 DAPUR
 
 CASH ATAU KREDIT"
73,03-27-2021,https://www.rumah123.com/properti/semarang/hos8045464/,4000,Semarang,320,280,3,2,1,1,1,2,2200,SHM,"RUMAH DI SRONDOL BUMI INDAH, SEMARANG","RUMAH DIJUAL DI SRONDOL BUMI INDAH, SEMARANG,
  LOKASI STRATEGIS DEKAT JALAN RAYA SETIABUDI, DEPAN BANTENG REIDERS.
  
  FASILITAS :
  GARASI 2 MOBIL
  CARPORT 1 MOBIL
  LISTRIK 2200
  PAM
  TELPON 1 LINE
  
  
  SPESIFIKASI:
  SHM
  IMB
  3+1 KAMAR TIDUR
  2+1 KAMAR MANDI
  DAPUR
  CARPORT
  
  
  HARGA NEGO
  PEMILIK LANGSUNG
  MINAT? LANGSUNG WHATSAPP KAMI."
74,03-27-2021,https://www.rumah123.com/properti/semarang/hos8086488/,486,Semarang,90,40,2,1,0,0,0,0,2200,SHM,RUMAH BARU DI BANYUMANIK DIBAWAH LIMA RATUS JUTA,"DIJUAL 6 UNIT RUMAH DI PERUMAHAN ALIVIA, BANYUMANIK, SEMARANG.
  
  
  HARGA PROMO, DISKON BESAR-BESARAN. DIBAWAH 500 JUTA RUPIAH..
  HARD CASH ATAU KPR BISA.
  
  DIJUAL JUGA YANG ADA PERABOTNYA, FULL. HANYA MENAMBAH BIAYA SEBESAR RP. 90.000.000
  
  MASIH TERSISA TANAH DIBELAKANG SELUAS 30 M2.
  
  
  BONUS :
  - AC 2 UNIT
  - POMPA AIR
  - DAN LAIN - LAIN
  
  BONUS BISA DITUKAR DENGAN DISKON
  
  
  RUMAH READY, TINGGAL MENEMPATI SAJA. MINAT?
  LANGSUNG WHATSAPP KAMI 085866856028.
  DEVELOPER RESMI."
75,03-25-2021,https://www.rumah123.com/properti/semarang/hos8078415/,650,Semarang,175,225,5,2,1,1,0,0,900,SHM,RUMAH LUAS DI UNGARAN KOTA BELAKANG BNI,"(RUMAH PRIBADI) MONGGO DIJUAL/DIKONTRAKKAN, RUMAH 2 LANTAI (MENGHADAP BARAT)"
76,03-22-2021,https://www.rumah123.com/properti/semarang/hos4088160/,7500,Semarang,280,460,4,4,1,1,0,0,0,HGB,RUMAH BARU MODERN MINIMALIS DI GREEN ROYALE CANDI GOLF SEMARANG,"DIJUAL RUMAH BARU GRESS MODERN MINIMALIS DI GREEN ROYALE CANDI GOLF SEMARANG. ADA KOLAM RENANG PRIBADI. VIEW PERBUKITAN YANG HIJAU. LOKASI AMAN, TENANG DAN NYAMAN. RUMAH DENGAN SISTEM CLUSTER KEAMANAN 24 JAM. CCTV ADA DI SETIAP UJUNG JALAN. LOKASI DEKAT DENGAN PUSAT KOTA. HANYA 12 MENIT KE SIMPANG LIMA SEMARANG. FASILITAS : LAPANGAN GOLF 9 HOLE YANG SEDANG DIKEMBANGAN MENJADI 18 HOLE, DRIVING RANGE, WATERBLASTER, PAINT BALL ARENA, SEKOLAH MONDIAL, SINGAPORE INTERNATIONAL SCHOOL, GANDHI MEMORIAL SCHOOL. CLUB HOUSE: ALBATROS CAFE, MEETING ROOM, FUNCTION HALL, BBQ AREA, LAPANGAN TENIS"
77,03-22-2021,https://www.rumah123.com/properti/semarang/hos7263877/,3500,Semarang,230,200,3,2,1,1,0,0,0,SHM,RUMAH BARU RENOV TOTAL SEPERTI BARU DI GRHA CANDI GOLF SEMARANG,"DIJUAL RUMAH SEPERTI BARU GRESS LOKASI EKSKLUSIF GRHA CANDI GOLF. LOKASI AMAN, TENANG DAN NYAMAN. RUMAH DENGAN SISTEM CLUSTER KEAMANAN 24 JAM. CCTV ADA DI SETIAP UJUNG JALAN. LOKASI DEKAT DENGAN PUSAT KOTA. HANYA 12 MENIT KE SIMPANG LIMA SEMARANG. FASILITAS : LAPANGAN GOLF 9 HOLE YANG SEDANG DIKEMBANGAN MENJADI 18 HOLE, DRIVING RANGE, WATERBLASTER, PAINT BALL ARENA, SEKOLAH MONDIAL, SINGAPORE INTERNATIONAL SCHOOL, GANDHI MEMORIAL INTERCONTINENTAL SCHOOL, JUGA DEKAT DENGAN SEKOLAH BINA BANGSA SCHOOL. CLUB HOUSE: ALBATROS CAFE, MEETING ROOM, FUNCTION HALL, BBQ AREA, LAPANGAN TENIS. ATAP ADA TAMBAHAN DAK."
78,03-20-2021,https://www.rumah123.com/properti/semarang/hos7261517/,2710,Semarang,189,145,3,2,1,1,0,0,5500,SHM,RUMAH MEWAH DEKAT UNDIP DAN PATUNG KUDA TEMBALANG,RUMAH TERAWAT 2 LANTAI LANGSUNG PAKAI KAWASAN CLUSTER
79,03-18-2021,https://www.rumah123.com/properti/semarang/hos8038838/,633,Semarang,91,50,2,2,0,0,0,0,1300,SHM,RUMAH DEKAT CITRA GRAND SAMBIROTO TEMBALANG,"KSB TAMAN CENDANA SAMBIROTO
  JL.BUKIT CENDANA SAMBIROTO , TEMBALANG , SEMARANG, JAWA TENGAH.
  LOKASI SANGAT STRATEGIS!!!
  HUNIAN MEWAH DI KOTA SEMARANG
  EXCLUSIVE HANYA 6 UNIT
  
  BLOK A1~TYPE 50/91M2 HARGA 633JT
  BLOK A2~TYPE 50/104M2 (HOOK) HARGA 683JT ( SOLD )
  BLOK A3~TYPE 50/97,5M2 HARGA 653JT
  BLOK A4~TYPE 50/97,5M2 (HOOK) HARGA 673JT
  BLOK A5~TYPE 50/117M2 HARGA 713JT
  BLOK A6~TYPE 50/117M2 HARGA 713JT
  
  KHUSUS PROMO CASH KERAS 2 UNIT POTONGAN 40JT
  SOFCASH POTONGAN 20JT
  KPR POTONGAN 10JT
  
  
  DAN MASIH DAPAT BONUS LANGSUNG
  *BIAYA BALIK NAMA
  *BIAYA NOTARIS
  *TAMAN CANTIK
  *AC 1 UNIT 1/2 PK
  *TANDON AIR
  
  LOKASI SUPER STRATEGIS ! :
  - 5 MENIT KE RSUD KRMT WONGSONEGORO ( KETILENG )
  - 5 MENIT KE SPBU KETILENG
  - 7 MENIT KE SMUN 15
  - 7 MENIT KE KAMPUS UNIMUS
  - 5 MENIT KE KAMPUS AKBID
  - 7 MENIT KE PASAR PEDURUNGAN
  - 8 MENIT ADA SWALAYAN FATMAWATI
  - 10 MENIT KE PIZZA HUT"
80,03-18-2021,https://www.rumah123.com/properti/semarang/hos8016495/,1600,Semarang,258,198,9,2,0,0,0,1,2200,SHM,RUMAH MEWAH SIAP BANGUN DI PETERONGAN SEMARANG,"LISTING EXCLUSIVE SPN GROUP RUMAH MANGGIS PETERONGAN LUAS TANAH 258 M2 LUAS BANGUNAN 198 M2 BANGUNAN 2 LANTAI TERDIRI DARI 9 KAMAR TIDUR DAN 2 KAMAR MANDI LISTRIK 2200 WATT AIR PAM HADAP UTARA JALAN LEBAR 7 METER,DEKAT JAVA SUPER MALL HARGA 1.6 MILIAR SOLE AGENT : SPN GROUP"
81,03-17-2021,https://www.rumah123.com/properti/semarang/hos8009804/,2800,Semarang,1000,600,6,5,2,1,10,2,5500,SHM,RUMAH MEWAH DENGAN KOLAM RENANG SIAP HUNI DI SEMARANG,"BAGI ANDA DAN KELUARGA YANG INGIN HUNIAN MEWAH DI KOTA DENGAN UDARA YANG SEJUK, RUMAH INI SANGAT COCOK MENJADI PILIHAN ANDA. KARENA TERDAPAT KOLAM RENANG DENGAN VIEW KE PENGUNUNGAN UNGARAN, UDARA BERSIH DAN SEJUK AKAN ANDA DAPATKAN SETIAP HARI.
  
  .
  
  LOKASI 500 M DARI PINTU TOL UNGARAN DEKAT RUMAH BUPATI UNGARAN, JUGA BISA DIGUNAKAN SEBAGAI HOTEL BUDGET KARENA LOKASI SANGAT STRATEGIS DEKAT DENGAN BERBAGAI TEMPAT REKREASI SEPERTI ECO PARK TUNTANG, KETEPAS BAWEN, BANDUNGAN DAN TEMPAT REKREASI LAIN NYA. DEKAT DENGAN FASILITAS UMUM SEPERTI RSUD UNGARAN, SEKOLAH, TEMPAT OLEH-OLEH UNGARAN.
  
  .
  
  SPESIFIKASI:
  
  LT/LB 1000/600 M2
  
  KAMAR TIDUR 6 + 2
  
  KAMAR MANDI 5 + 1
  
  GUDANG
  
  GARASI/CARPORT 2+10
  
  KOLAM RENANG + KAMAR BILAS
  
  TAMAN BELAKANG DAN SAMPING
  
  .
  
  HARGA 2,8 M (NEGO)
  
  .
  
  MARI SURVEY DENGAN SAYA, HUBUNGI:
  
  GIENA
  
  0838 9890 2362"
82,03-16-2021,https://www.rumah123.com/properti/semarang/hos8039284/,800,Semarang,154,186,2,2,0,0,0,1,2200,SHM,RUMAH MEWAH 2 LANTAI SIAP HUNI MURAH DI KALISEGORO GUNUNGPATI,"HUNIAN READY DEKAT KAMPUS UNNES, DESAIN VILLA MEWAH. DISAMPING PERKAMPUNGAN YG ASRI ."
83,03-15-2021,https://www.rumah123.com/properti/semarang/hos7399027/,1450,Semarang,200,120,3,2,1,1,1,0,2200,HGB,"RUMAH TAMAN SARI HILL, TEMBALANG SEMARANG","KAMAR TIDUR 3+1
  
  KAMAR MANDI 2+1
  
  LEBAR DEPAN 10X20 METER
  
  HADAP UTARA
  
  LISTRIK 2200 WATT
  
  ARTETIS
  
  AC
  
  CARPORT
  
  DIJUAL RUMAH CLUSTER BERHAWA SEJUK, ADA VIEW, BEBAS BANJIR, DEKAT KAMPUS UNDIP, SEKOLAH, PERTOKOAN, PERKANTORAN.
  
  (DI)"
84,03-15-2021,https://www.rumah123.com/properti/semarang/hos7891473/,6000,Semarang,333,250,3,1,1,1,4,0,4400,SHM,"RUMAH MEWAH TENGAH KOTA DI KERTANEGARA SELATAN, SEMARANG SELATAN, SEMARANG","KAMAR TIDUR 3+1
  
  KAMAR MANDI 1+1
  
  LEBAR DEPAN 11 METER
  
  HADAP BARAT
  
  LISTRIK 4.400 WATT
  
  1 LANTAI
  
  ARTETIS
  
  CARPORT 4
  
  RUMAH MEWAH TENGAH KOTA SEMARANG, KONDISI BANGUNAN BAGUS.
  
  LOKASI DEKAT SIMPANG LIMA, DEKAT JL PAHLAWAN, JL SRIWIJAYA.
  
  AKSES KEMANA-MANA MUDAH.
  
  (ER)"
85,03-15-2021,https://www.rumah123.com/properti/semarang/hos7679739/,1400,Semarang,170,240,3,3,1,0,0,0,2200,SHM,"RUMAH TERAWAT DI BUKIT TIMUR, BUKIT SARI BANYUMANIK, SEMARANG","KAMAR TIDUR 3+1
  
  KAMAR MANDI 3
  
  2 LANTAI
  
  PDAM
  
  LISTRIK 2.200 WATT
  
  VIEW BAGUS
  
  KONDISI BANGUNAN TERAWAT
  
  RUMAH INI SELAIN DIJUAL JUGA BISA DISEWAKAN, HARGA 50 JUTA/TAHUN, ATAU 45 JUTA UNTUK 2 TAHUN.
  
  (IF)"
86,03-15-2021,https://www.rumah123.com/properti/semarang/hos7963918/,8000,Semarang,608,486,5,5,2,1,1,1,13000,HGB,"RUMAH BAGUS DI CANDI PRAMBANAN, NGALIYAN, SEMARANG","KAMAR TIDUR 5+2
  
  KAMAR MANDI 5+1
  
  LEBAR DEPAN 37 METER
  
  2 LANTAI
  
  LISTRIK 13.000 WATT
  
  PDAM
  
  13 AC
  
  WATER HEATER
  
  TERAS
  
  GUDANG
  
  GARASI
  
  CARPORT
  
  TAMAN
  
  RUMAH LOKASI BAGUS, BEBAS BANJIR, RUMAH BARU.
  
  DEKAT KOTA, SEKOLAH, BANDARA, PERKANTORAN, PERTOKOAN, KULINER, AKSES PINTU TOL.
  
  (DI)"
87,03-15-2021,https://www.rumah123.com/properti/semarang/hos7438240/,1100,Semarang,120,80,2,1,0,0,1,0,3500,SHM,"RUMAH SIAP PAKAI DI BERANDA BALI UBUD, MIJEN SEMARANG","AMAR TIDUR 2
  
  KAMAR MANDI 1
  
  LEBAR DEPAN 8 METER
  
  HADAP BARAT
  
  LISTRIK 3500 WATT
  
  1 LANTAI
  
  CARPORT
  
  RUMAH BARU RENOVASI FULL FURNISHED, SIAP PAKAI, LINGKUNGAN NYAMAN, AMAN, ASRI, JALAN LEBAR.
  
  LOKASI DEPAN TAMAN, DEKAT UNIKA, DEKAT MALL HANYA 300 METER JARAKNYA.
  
  TERLETAK DI AREA BSB CITY YANG HIJAU DAN BERKEMBANG PESAT."
88,03-15-2021,https://www.rumah123.com/properti/semarang/hos8014763/,1800,Semarang,186,300,4,3,1,1,2,0,4400,SHM,"RUMAH MINIMALIS DI GRAHA WAHID, CLUSTER MADRID, TEMBALANG, SEMARANG","KAMAR TIDUR 4+1
  
  
  
  KAMAR MANDI 3+1
  
  
  
  HADAP BARAT LAUT
  
  
  
  LISTRIK 4.400 WATT
  
  
  
  2 LANTAI
  
  
  
  ARTETIS
  
  
  
  AC 2
  
  
  
  CARPORT 2
  
  
  
  UNFURNISHED
  
  
  
  RUMAH MINIMALIS DENGAN LOKASI CLUSTER, BANGUNAN BAGUS DAN SUDAH RENOVASI, LINGKUNGAN TENANG, AMAN.
  
  
  
  JALANAN BISA 2 MOBIL, TERSEDIA CLUB HOUSE, ADA KOLAM IKAN DI HALAMAN BELAKANG.
  
  
  
  DEKAT UNDIP TEMBALANG TOL GAYAMSARI.
  
  
  
  (FD)"
89,03-15-2021,https://www.rumah123.com/properti/semarang/hos7835854/,775,Semarang,100,50,2,1,0,0,0,0,1300,SHM,RUMAH MURAH BISA NEGO DI SAWUNGGALING BANYUMANIK DEKAT JALAN TOL,ROYAL VIEW SAWUNGGALING
90,03-15-2021,https://www.rumah123.com/properti/semarang/hos7805536/,505,Semarang,138,45,2,1,0,0,0,0,1300,SHM,LOKASI ARYAMUKTI LUAS TANAH 130 M2 MODERN HOME,LOKASINYA STRATEGIS DKT MANUNGGAL JATI MAJAPAHIT PEDURUNGAN.
91,03-15-2021,https://www.rumah123.com/properti/semarang/hos7690976/,1100,Semarang,170,69,2,1,0,0,1,1,2200,SHM,RMH LUAS 170 DI CITRA GRAND SAMBIROTO TEMBALANG,RUMAH DI CITRA GRAND SAMBIROTO TEMBALANG.
92,03-15-2021,https://www.rumah123.com/properti/semarang/hos7635656/,399,Semarang,99,45,2,1,0,0,0,0,1300,SHM,RUMAH STRATEGIS DKT ALFAMART ARYAMUKTI MANUNGGAL JATI DAN HOTEL HORISON,LOKASINYA STRATEGIS DKT MANUNGGAL JATI MAJAPAHIT PEDURUNGAN. TYPE 45/99 HARGA 434JT. KHUSUS PEMBELIAN CASH DI BULAN INI DISKON 35JT
93,03-15-2021,https://www.rumah123.com/properti/semarang/hos8025037/,1871,Semarang,284,100,3,2,0,0,0,0,2200,SHM,RUMAH MEWAH 2 LANTAI DEKAT UNDIP TEMBALANG,TOWNHOUSE SAWUNGGALING JL. SAWUNGGALING V MULAWARMAN II BANYUMANIK KOTA SEMARANG
94,03-15-2021,https://www.rumah123.com/properti/semarang/hos7801508/,1400,Semarang,192,200,4,3,1,0,0,0,3500,SHM,"RUMAH LUAS DI SEMARANG INDAH SEMARANG BARAT, SEMARANG","KAMAR TIDUR 4+1
 
 
 
 KAMAR MANDI 3
 
 
 
 LEBAR DEPAN 12 METER
 
 
 
 HADAP BARAT
 
 
 
 LISTRIK 3.500 WATT
 
 
 
 1,5 LANTAI
 
 
 
 PDAM
 
 
 
 CARPORT
 
 
 
 RUMAH LUAS DI SEMARANG INDAH, LINGKUNGAN NYAMAN, SECURITY 24 JAM, JALAN LEBAR.
 
 
 
 LOKASI DEKAT TRI TUNGGAL, DEKAT BANDARA, DEKAT TUGU MUDA.
 
 
 
 10 MENIT KE PUSAT KOTA SEMARANG."
95,03-15-2021,https://www.rumah123.com/properti/semarang/hos8018335/,3200,Semarang,567,300,4,3,0,0,0,0,2200,SHM,RUMAH STRATEGIS DI RAYA DURIAN BANYUMANIK SEMARANG,"KAMAR TIDUR 4
 
 
 
 KAMAR MANDI 3
 
 
 
 LEBAR DEPAN 15 METER
 
 
 
 HADAP BARAT
 
 
 
 LISTRIK 2.200 WATT
 
 
 
 PDAM
 
 
 
 ARTETIS
 
 
 
 LOKASI STRATEGIS DI DEKAT JALAN RAYA JALAN LEBAR.
 
 
 
 BISA SIMPANGAN 2 MOBIL, BISA UNTUK USAHA, TIDAK BANJIR, TENGAH KOTA."
96,03-15-2021,https://www.rumah123.com/properti/semarang/hos7805519/,410,Semarang,93,45,2,1,0,0,0,0,1300,SHM,NEGO SAMPAI DADI GRIYA PURWOMUKTI ASRI ARYAMUKTI PEDURUNGAN,LOKASINYA STRATEGIS DKT MANUNGGAL JATI MAJAPAHIT PEDURUNGAN.
97,03-15-2021,https://www.rumah123.com/properti/semarang/hos7805511/,440,Semarang,110,45,2,1,0,0,0,0,1300,SHM,STRATEGIS DKT MANUNGGAL JATI NASMOCO &AMP HOTEL HORISON,"LUAS TANAH 110
 LUAS BANGUNAN 45
 HARGA 475JT
 
 KHUSUS SATU PEMBELIAN CASH DI BULAN INI DISKON 35JT
 
 LOKASI DEKAT MANUNGGAL JATI PEDURUNGAN DAN BELAKANG HOTEL HORISON MAJAPAHIT PEDURUNGAN.
 
 UTK INFO LEBIH LANJUT HUBUNGI 082136653613"
98,03-12-2021,https://www.rumah123.com/properti/semarang/hos7784468/,625,Semarang,96,70,3,1,0,0,0,0,1300,SHM,RUMAH SHM PERMATA PURI NGALIYAN SEMARANG,RUMAH SHM DI PERMATA PURI NGALIYAN. BISA KPR.
99,03-12-2021,https://www.rumah123.com/properti/semarang/hos7997109/,475,Semarang,106,54,3,1,0,0,2,0,1300,SHM,"RUMAH MURAH TANAH LUAS DI ELANG RAYA, HANYA 2 MENIT KE RSUD KETILENG",DIJUAL RUMAH ISTIMEWA MURAH DI ELANG RAYA HANYA 2 MENIT KE RSUD KETILENG
100,03-10-2021,https://www.rumah123.com/properti/semarang/hos7917841/,1181,Semarang,69,120,2,1,1,1,2,0,2200,SHM,RUMAH STRATEGIS TENGAH KOTA PANDANARAN HILL MODEL LEVEL SPLIT,"PERUM PANDANARAN HILL SIAP HUNI.TYPE SIERRA MODEL LEVEL SPLIT. LOKASI STRATEGIS DEKAT KOTAA.BERADA DI KAWASAN PENGEMBANG BESAR.MEMPUNYAI NILAI INVESTASI NAIK DARI TAHUN KE TAHUN. BEBAS BANJIR.UDARA SEJUK DAN SEGAR BEBAS POLUSI. KEAMNAN DILENGKAPI DENGAN SECURITY 24 JAM,ONE GATE SYSTEM."